,29-0.1,29-2.1,30-0.1,30-1.1,30-2.1,31-0.1,31-1.1,31-2.1,32-0.1,29-0.2,29-2.2,30-0.2,30-1.2,30-2.2,31-0.2,31-1.2,31-2.2,32-0.2,29-0.3,29-2.3,30-0.3,30-1.3,30-2.3,31-0.3,31-1.3,31-2.3,32-0.3,29-0.4,29-2.4,30-0.4,30-1.4,30-2.4,31-0.4,31-1.4,31-2.4,32-0.4,29-0.5,29-2.5,30-0.5,30-1.5,30-2.5,31-0.5,31-1.5,31-2.5,32-0.5,29-0.6,29-2.6,30-0.6,30-1.6,30-2.6,31-0.6,31-1.6,31-2.6,32-0.6,29-0.7,29-2.7,30-0.7,30-1.7,30-2.7,31-0.7,31-1.7,31-2.7,32-0.7,29-0.8,29-2.8,30-0.8,30-1.8,30-2.8,31-0.8,31-1.8,31-2.8,32-0.8,29-0.9,29-2.9,30-0.9,30-1.9,30-2.9,31-0.9,31-1.9,31-2.9,32-0.9,BG
29-0.1,1.000000,0.580897,0.988518,0.594738,0.625542,0.957004,0.680330,0.630909,0.430573,0.314001,0.730625,0.301590,0.695907,0.593390,0.321918,0.726388,0.525541,0.857361,0.560692,0.643863,0.610082,0.597451,0.658219,0.637879,0.568475,0.673190,0.655768,0.611460,0.579043,0.615432,0.720708,0.602137,0.626438,0.716934,0.622313,0.706270,0.705602,0.579939,0.715112,0.674325,0.629020,0.735623,0.652912,0.625735,0.658445,0.598721,0.520421,0.622460,0.658268,0.580324,0.662382,0.668514,0.598786,0.725592,0.583749,0.543581,0.617782,0.578620,0.625637,0.691892,0.640048,0.663848,0.701761,0.647784,0.691425,0.650021,0.707080,0.677052,0.639355,0.663730,0.667648,0.672811,0.474997,0.369052,0.598933,0.417699,0.463852,0.721647,0.506355,0.640313,0.622032,0.484437
29-2.1,0.580897,1.000000,0.571590,0.551367,0.964436,0.561728,0.427561,0.928952,0.620635,0.634281,0.798072,0.635297,0.823546,0.770254,0.641308,0.815765,0.730776,0.755090,0.673231,0.791423,0.683610,0.701895,0.787901,0.693860,0.675390,0.779242,0.685296,0.791870,0.768987,0.760987,0.769421,0.790366,0.731897,0.795836,0.767292,0.789023,0.622028,0.542472,0.623266,0.620392,0.618582,0.635196,0.567603,0.607446,0.608395,0.765646,0.783094,0.771771,0.803520,0.792787,0.754523,0.812421,0.777103,0.773566,0.828648,0.848297,0.822223,0.825517,0.830268,0.763436,0.821363,0.825411,0.754384,0.783825,0.789288,0.764137,0.795070,0.782305,0.745047,0.765485,0.773273,0.702377,0.769699,0.662477,0.818051,0.679956,0.731214,0.744963,0.745185,0.796402,0.736221,0.744080
30-0.1,0.988518,0.571590,1.000000,0.555930,0.622851,0.980675,0.646927,0.639506,0.442784,0.290129,0.706442,0.284097,0.696718,0.575920,0.307646,0.734214,0.513642,0.839834,0.561870,0.642437,0.610679,0.591992,0.663013,0.638932,0.565314,0.680563,0.650026,0.593761,0.561189,0.598534,0.699790,0.584468,0.611150,0.689992,0.604993,0.696550,0.706438,0.581610,0.716061,0.672079,0.626492,0.739694,0.650955,0.626527,0.682097,0.589324,0.526626,0.618801,0.645310,0.579265,0.664169,0.652928,0.600821,0.725150,0.571715,0.526467,0.615032,0.566892,0.617026,0.700354,0.633710,0.659472,0.709614,0.636074,0.676547,0.638820,0.689092,0.665297,0.638730,0.654229,0.663226,0.675370,0.449343,0.354452,0.579199,0.412093,0.436157,0.717027,0.489276,0.612967,0.609535,0.486283
30-1.1,0.594738,0.551367,0.555930,1.000000,0.521994,0.500464,0.955312,0.482837,0.509811,0.813058,0.862960,0.789062,0.797167,0.849773,0.781671,0.744797,0.827613,0.724684,0.847087,0.818900,0.845715,0.887993,0.819723,0.845413,0.873835,0.813694,0.843634,0.845262,0.815963,0.860151,0.841621,0.831571,0.855480,0.859845,0.831547,0.752572,0.674646,0.601749,0.675390,0.747298,0.686603,0.676268,0.715659,0.690160,0.596805,0.829048,0.759190,0.825788,0.851525,0.809673,0.806748,0.839488,0.816897,0.804166,0.786522,0.795961,0.770930,0.802744,0.820573,0.756957,0.781795,0.820935,0.733389,0.820163,0.799929,0.810599,0.817668,0.840361,0.766144,0.831883,0.823465,0.770812,0.790028,0.721529,0.764958,0.741303,0.787865,0.805924,0.798926,0.790675,0.852018,0.689192
30-2.1,0.625542,0.964436,0.622851,0.521994,1.000000,0.634528,0.439919,0.987492,0.551999,0.540202,0.768956,0.541217,0.808981,0.729809,0.546774,0.816671,0.685992,0.813023,0.659696,0.773556,0.670790,0.682947,0.778167,0.687987,0.646345,0.771823,0.673784,0.768145,0.724436,0.743731,0.746899,0.761112,0.718126,0.783235,0.748251,0.772150,0.605199,0.507595,0.610083,0.590737,0.589125,0.624698,0.537467,0.587350,0.592440,0.724651,0.736725,0.727253,0.773043,0.768275,0.723982,0.776363,0.759382,0.752554,0.805308,0.819045,0.813966,0.796703,0.822862,0.772746,0.811428,0.826446,0.752562,0.774944,0.805781,0.757279,0.810108,0.780775,0.729680,0.757022,0.772785,0.697850,0.706317,0.607152,0.784921,0.629915,0.674899,0.756899,0.687103,0.775246,0.713742,0.727642
31-0.1,0.957004,0.561728,0.980675,0.500464,0.634528,1.000000,0.595718,0.662258,0.444690,0.253394,0.661686,0.249925,0.681234,0.540442,0.276117,0.725588,0.484831,0.823623,0.539641,0.629058,0.586396,0.565286,0.654570,0.621281,0.533605,0.672519,0.631641,0.565067,0.529795,0.574381,0.650857,0.564586,0.596513,0.651317,0.588057,0.657185,0.656978,0.525989,0.673573,0.624028,0.574931,0.698619,0.598192,0.580996,0.665013,0.584710,0.536376,0.607168,0.635252,0.586778,0.663563,0.640916,0.606531,0.724466,0.565510,0.527341,0.618006,0.561018,0.617060,0.709165,0.629684,0.662347,0.719502,0.624381,0.676788,0.634093,0.687485,0.660474,0.638582,0.647706,0.664191,0.687435,0.419435,0.328297,0.556493,0.392361,0.402853,0.714323,0.465634,0.585585,0.591067,0.471916
31-1.1,0.680330,0.427561,0.646927,0.955312,0.439919,0.595718,1.000000,0.421758,0.452818,0.666370,0.793207,0.644375,0.726229,0.747087,0.641497,0.698835,0.716675,0.728835,0.770592,0.737662,0.779683,0.812221,0.748652,0.783279,0.795182,0.749269,0.795151,0.757077,0.710973,0.779248,0.781036,0.737331,0.791702,0.794034,0.750653,0.683003,0.649814,0.565492,0.655614,0.710868,0.638999,0.660438,0.687093,0.648499,0.566280,0.740753,0.650963,0.738346,0.767280,0.712545,0.737893,0.750242,0.727699,0.752736,0.688614,0.683334,0.690719,0.704671,0.738925,0.712450,0.710984,0.750890,0.703861,0.747492,0.743307,0.742890,0.761353,0.776590,0.704035,0.766586,0.763696,0.724437,0.654998,0.607325,0.669768,0.638086,0.662870,0.768972,0.681103,0.707803,0.783023,0.579094
31-2.1,0.630909,0.928952,0.639506,0.482837,0.987492,0.662258,0.421758,1.000000,0.499798,0.462934,0.726942,0.465677,0.777501,0.681921,0.474373,0.795808,0.639570,0.813672,0.631141,0.743306,0.646174,0.643533,0.752149,0.666604,0.603528,0.750903,0.647279,0.725667,0.681134,0.705247,0.711970,0.719759,0.684816,0.746397,0.713479,0.741330,0.585367,0.483200,0.593250,0.562931,0.562723,0.610072,0.513268,0.566761,0.580482,0.669588,0.686565,0.672698,0.723623,0.723399,0.680307,0.722302,0.718126,0.719266,0.759875,0.769332,0.777837,0.749925,0.784926,0.751683,0.773780,0.797927,0.726066,0.740099,0.781904,0.724644,0.783480,0.751205,0.699783,0.725063,0.746775,0.680013,0.633898,0.549880,0.725805,0.577017,0.605595,0.740297,0.621943,0.724300,0.672918,0.715893
32-0.1,0.430573,0.620635,0.442784,0.509811,0.551999,0.444690,0.452818,0.499798,1.000000,0.704972,0.699495,0.747292,0.760495,0.746410,0.768452,0.746135,0.765335,0.509841,0.724224,0.722792,0.736249,0.725191,0.748011,0.730559,0.743483,0.746700,0.735384,0.744415,0.705567,0.745051,0.671676,0.747837,0.779771,0.668704,0.746719,0.702987,0.572931,0.491991,0.611661,0.617915,0.575952,0.642531,0.605859,0.583039,0.629179,0.777371,0.788151,0.781532,0.744492,0.736807,0.791456,0.700492,0.732607,0.750650,0.776872,0.770824,0.787353,0.799362,0.756792,0.790621,0.770702,0.746841,0.812378,0.715608,0.563718,0.724331,0.601987,0.702679,0.794671,0.733888,0.727495,0.732464,0.727591,0.769631,0.728035,0.806278,0.751327,0.683307,0.764387,0.718894,0.782426,0.476402
29-0.2,0.314001,0.634281,0.290129,0.813058,0.540202,0.253394,0.666370,0.462934,0.704972,1.000000,0.810686,0.994661,0.821881,0.889300,0.989258,0.752785,0.897826,0.517236,0.855033,0.834665,0.834846,0.876204,0.823311,0.815335,0.872537,0.801557,0.810839,0.855395,0.835776,0.857236,0.777771,0.855965,0.844047,0.802677,0.828457,0.713420,0.604517,0.580509,0.605530,0.703431,0.654316,0.600697,0.662771,0.648264,0.581789,0.866249,0.881516,0.852244,0.851336,0.869100,0.820623,0.818050,0.857058,0.761773,0.847047,0.861486,0.806689,0.878541,0.831868,0.746013,0.817490,0.786831,0.735144,0.842839,0.751601,0.823665,0.770969,0.816958,0.814794,0.833847,0.807951,0.740535,0.895120,0.877119,0.817222,0.884878,0.886646,0.758796,0.887132,0.801154,0.847235,0.655060
29-2.2,0.730625,0.798072,0.706442,0.862960,0.768956,0.661686,0.793207,0.726942,0.699495,0.810686,1.000000,0.805645,0.950859,0.962317,0.800810,0.921391,0.935842,0.867744,0.920806,0.936877,0.935552,0.935296,0.939206,0.938917,0.921526,0.939583,0.902252,0.941416,0.906304,0.941671,0.933963,0.928516,0.932533,0.947127,0.924498,0.907440,0.783900,0.678084,0.790864,0.816477,0.767911,0.804663,0.779845,0.766296,0.734246,0.907030,0.860512,0.917070,0.927102,0.894299,0.912626,0.918111,0.898971,0.909427,0.915851,0.903014,0.908882,0.917692,0.923055,0.901564,0.917851,0.927999,0.880206,0.934722,0.889433,0.922701,0.907818,0.933989,0.907962,0.926979,0.921140,0.865457,0.889192,0.823234,0.907786,0.846918,0.881047,0.913744,0.894064,0.925039,0.930362,0.730443
30-0.2,0.301590,0.635297,0.284097,0.789062,0.541217,0.249925,0.644375,0.465677,0.747292,0.994661,0.805645,1.000000,0.827935,0.886788,0.994414,0.762076,0.901242,0.507686,0.862480,0.838920,0.843603,0.878639,0.829515,0.822325,0.878541,0.808974,0.815184,0.859025,0.838954,0.861909,0.774873,0.860030,0.851509,0.795344,0.834645,0.720134,0.612059,0.584977,0.614843,0.707947,0.658328,0.612342,0.670778,0.653347,0.595927,0.869012,0.889186,0.857918,0.848354,0.869404,0.828096,0.811245,0.857664,0.764343,0.853377,0.862635,0.815961,0.883833,0.833780,0.755781,0.823481,0.789915,0.745624,0.841113,0.734926,0.822112,0.757167,0.812746,0.821188,0.835726,0.807301,0.740217,0.894252,0.896752,0.817779,0.901937,0.892405,0.754875,0.889280,0.802265,0.852252,0.648729
30-1.2,0.695907,0.823546,0.696718,0.797167,0.808981,0.681234,0.726229,0.777501,0.760495,0.821881,0.950859,0.827935,1.000000,0.949864,0.833472,0.983204,0.933424,0.857252,0.930773,0.961531,0.939484,0.944338,0.967610,0.949355,0.930939,0.965012,0.926555,0.949921,0.913861,0.949985,0.928251,0.946381,0.944223,0.941840,0.940161,0.917965,0.801195,0.703921,0.812943,0.835784,0.791131,0.831976,0.797964,0.796159,0.796874,0.920725,0.913690,0.926396,0.938220,0.930004,0.938286,0.914913,0.933119,0.917663,0.941692,0.925112,0.944290,0.949199,0.945603,0.935892,0.944894,0.944061,0.923228,0.945026,0.892905,0.934671,0.910218,0.944317,0.939858,0.943308,0.942979,0.889445,0.880142,0.845222,0.910804,0.880107,0.872809,0.938263,0.898084,0.917285,0.937175,0.745139
30-2.2,0.593390,0.770254,0.575920,0.849773,0.729809,0.540442,0.747087,0.681921,0.746410,0.889300,0.962317,0.886788,0.949864,1.000000,0.883275,0.911923,0.991221,0.772882,0.959723,0.937224,0.959819,0.956654,0.953060,0.954009,0.949982,0.945399,0.896111,0.948632,0.898213,0.947871,0.899977,0.930979,0.942132,0.917105,0.918615,0.880803,0.745617,0.664009,0.753854,0.806267,0.759238,0.768838,0.769207,0.758501,0.734642,0.930648,0.909937,0.934625,0.931025,0.923858,0.917964,0.909236,0.925543,0.884751,0.953691,0.937899,0.938792,0.956636,0.940394,0.912688,0.938684,0.926520,0.894189,0.952355,0.876044,0.941971,0.888822,0.944382,0.938999,0.937657,0.934121,0.862718,0.946280,0.900463,0.937223,0.925905,0.939109,0.905378,0.949619,0.941312,0.948310,0.708883
31-0.2,0.321918,0.641308,0.307646,0.781671,0.546774,0.276117,0.641497,0.474373,0.768452,0.989258,0.800810,0.994414,0.833472,0.883275,1.000000,0.768707,0.894586,0.512853,0.861245,0.842176,0.845020,0.876094,0.835162,0.824779,0.875659,0.816332,0.825775,0.860255,0.836371,0.862245,0.777403,0.861697,0.856182,0.801675,0.836902,0.724485,0.613871,0.585149,0.619840,0.709634,0.659859,0.618662,0.673018,0.655050,0.607028,0.871270,0.893696,0.859905,0.854624,0.872806,0.835820,0.814421,0.862223,0.773777,0.854637,0.864218,0.820887,0.888940,0.836147,0.768389,0.825807,0.795199,0.759777,0.846523,0.738602,0.829834,0.763172,0.819481,0.833583,0.844018,0.816207,0.760475,0.890555,0.890521,0.817372,0.902057,0.888838,0.764785,0.890847,0.803804,0.861269,0.651582
31-1.2,0.726388,0.815765,0.734214,0.744797,0.816671,0.725588,0.698835,0.795808,0.746135,0.752785,0.921391,0.762076,0.983204,0.911923,0.768707,1.000000,0.894599,0.876343,0.898541,0.942002,0.911970,0.916752,0.951044,0.921193,0.908145,0.947654,0.925389,0.916760,0.875804,0.914513,0.885896,0.920300,0.915468,0.907280,0.914042,0.893595,0.762415,0.660142,0.778376,0.789911,0.743310,0.805589,0.748220,0.749830,0.778034,0.885338,0.876913,0.895848,0.903962,0.895890,0.916596,0.880431,0.901737,0.905528,0.916629,0.889006,0.927828,0.921305,0.919654,0.929894,0.934656,0.922321,0.924598,0.921034,0.877358,0.916163,0.889895,0.922238,0.929425,0.917807,0.925943,0.880623,0.827343,0.797569,0.883757,0.841185,0.817536,0.931239,0.851695,0.888292,0.905289,0.702333
31-2.2,0.525541,0.730776,0.513642,0.827613,0.685992,0.484831,0.716675,0.639570,0.765335,0.897826,0.935842,0.901242,0.933424,0.991221,0.894586,0.894599,1.000000,0.723604,0.962249,0.920094,0.957890,0.950224,0.936307,0.950310,0.950282,0.928809,0.887905,0.929623,0.878381,0.932778,0.866433,0.915319,0.932247,0.882730,0.903658,0.852981,0.713564,0.634801,0.725308,0.781152,0.733602,0.742131,0.748686,0.735666,0.717505,0.916046,0.903928,0.917805,0.908281,0.907880,0.903258,0.878933,0.910446,0.860774,0.941584,0.923667,0.929016,0.944139,0.920837,0.901256,0.917489,0.906272,0.876417,0.933641,0.838712,0.925680,0.852041,0.924865,0.932154,0.921769,0.917583,0.854130,0.936613,0.917565,0.915234,0.941997,0.936653,0.886193,0.945263,0.919581,0.938660,0.683899
32-0.2,0.857361,0.755090,0.839834,0.724684,0.813023,0.823623,0.728835,0.813672,0.509841,0.517236,0.867744,0.507686,0.857252,0.772882,0.512853,0.876343,0.723604,1.000000,0.750743,0.840752,0.777862,0.795430,0.835688,0.813266,0.765358,0.842195,0.827519,0.817298,0.783399,0.818689,0.845707,0.819693,0.817537,0.878158,0.835836,0.847182,0.705778,0.564427,0.721507,0.692773,0.656564,0.748966,0.653520,0.665740,0.666165,0.747746,0.694237,0.765785,0.815049,0.768342,0.800731,0.817378,0.786528,0.841419,0.785393,0.766731,0.812420,0.774831,0.823966,0.839759,0.812637,0.857732,0.810684,0.803453,0.842859,0.810782,0.859319,0.837518,0.779923,0.818474,0.836888,0.803636,0.660020,0.564985,0.758574,0.601797,0.651016,0.862136,0.678816,0.794268,0.793532,0.674856
29-0.3,0.560692,0.673231,0.561870,0.847087,0.659696,0.539641,0.770592,0.631141,0.724224,0.855033,0.920806,0.862480,0.930773,0.959723,0.861245,0.898541,0.962249,0.750743,1.000000,0.940543,0.993806,0.969070,0.961987,0.983439,0.966459,0.956694,0.921749,0.924899,0.860152,0.936827,0.858165,0.904622,0.940666,0.881958,0.905362,0.830985,0.711521,0.618529,0.722427,0.776362,0.716012,0.739580,0.744776,0.723137,0.705673,0.901503,0.888998,0.907324,0.899906,0.902733,0.897686,0.862208,0.911570,0.874348,0.927277,0.899268,0.922227,0.927139,0.921427,0.915124,0.917739,0.914585,0.877651,0.939452,0.852151,0.926352,0.873228,0.929266,0.928245,0.938369,0.925878,0.874366,0.898542,0.892929,0.889473,0.919635,0.904101,0.905967,0.911543,0.904269,0.948059,0.681296
29-2.3,0.643863,0.791423,0.642437,0.818900,0.773556,0.629058,0.737662,0.743306,0.722792,0.834665,0.936877,0.838920,0.961531,0.937224,0.842176,0.942002,0.920094,0.840752,0.940543,1.000000,0.947610,0.962620,0.983183,0.951452,0.943235,0.981896,0.932549,0.954113,0.927372,0.958806,0.914544,0.953920,0.954995,0.932765,0.949697,0.890739,0.769600,0.683542,0.777758,0.812838,0.764774,0.788254,0.767460,0.765877,0.764397,0.929684,0.927626,0.934362,0.941211,0.949588,0.944167,0.921351,0.950128,0.918681,0.936175,0.925553,0.935875,0.942829,0.942318,0.918701,0.934356,0.939303,0.894375,0.936224,0.900110,0.930136,0.914142,0.938096,0.919965,0.936400,0.935418,0.881815,0.879889,0.838212,0.897547,0.861454,0.870745,0.919130,0.886707,0.905263,0.929208,0.751881
30-0.3,0.610082,0.683610,0.610679,0.845715,0.670790,0.586396,0.779683,0.646174,0.736249,0.834846,0.935552,0.843603,0.939484,0.959819,0.845020,0.911970,0.957890,0.777862,0.993806,0.947610,1.000000,0.968210,0.966338,0.989694,0.963810,0.966794,0.931443,0.931896,0.874306,0.945180,0.878253,0.914599,0.951097,0.896574,0.918043,0.854106,0.740628,0.643606,0.753601,0.796518,0.737606,0.771848,0.766934,0.744468,0.733509,0.904158,0.886488,0.912772,0.904411,0.902431,0.910260,0.869122,0.912127,0.892443,0.925384,0.897080,0.922769,0.926197,0.923157,0.923962,0.923210,0.921185,0.894272,0.942947,0.861154,0.933792,0.881582,0.936563,0.937787,0.944340,0.933734,0.889312,0.887020,0.881802,0.887962,0.908511,0.893839,0.920910,0.903276,0.908191,0.951117,0.695357
30-1.3,0.597451,0.701895,0.591992,0.887993,0.682947,0.565286,0.812221,0.643533,0.725191,0.876204,0.935296,0.878639,0.944338,0.956654,0.876094,0.916752,0.950224,0.795430,0.969070,0.962620,0.968210,1.000000,0.966643,0.966319,0.992249,0.960841,0.952858,0.952891,0.921245,0.962240,0.898087,0.949607,0.959736,0.918407,0.945507,0.879537,0.747323,0.662430,0.760014,0.807623,0.753607,0.776060,0.770066,0.762246,0.743553,0.928654,0.906826,0.937515,0.930097,0.932667,0.936874,0.906261,0.938849,0.905329,0.930870,0.918728,0.927711,0.939847,0.937868,0.914912,0.928160,0.934819,0.891948,0.923073,0.864542,0.919021,0.883320,0.927309,0.915392,0.931714,0.927952,0.873436,0.894548,0.856035,0.891582,0.887532,0.891268,0.900971,0.910635,0.896934,0.948312,0.716214
30-2.3,0.658219,0.787901,0.663013,0.819723,0.778167,0.654570,0.748652,0.752149,0.748011,0.823311,0.939206,0.829515,0.967610,0.953060,0.835162,0.951044,0.936307,0.835688,0.961987,0.983183,0.966338,0.966643,1.000000,0.967578,0.952682,0.994204,0.934570,0.948855,0.901293,0.953373,0.897281,0.939987,0.958609,0.919440,0.937394,0.888355,0.763145,0.665030,0.774790,0.807698,0.756024,0.792467,0.767126,0.760245,0.765942,0.937526,0.929343,0.946702,0.945686,0.947395,0.945276,0.919826,0.951886,0.924164,0.958735,0.938990,0.961058,0.958601,0.964141,0.950949,0.963201,0.961593,0.932603,0.950448,0.898274,0.943953,0.917145,0.952834,0.942805,0.955312,0.953165,0.895061,0.901007,0.859725,0.925664,0.892500,0.892365,0.929732,0.915704,0.928669,0.952292,0.726927
31-0.3,0.637879,0.693860,0.638932,0.845413,0.687987,0.621281,0.783279,0.666604,0.730559,0.815335,0.938917,0.822325,0.949355,0.954009,0.824779,0.921193,0.950310,0.813266,0.983439,0.951452,0.989694,0.966319,0.967578,1.000000,0.958787,0.970479,0.933216,0.936340,0.888486,0.952143,0.891454,0.926868,0.956422,0.902910,0.933774,0.868559,0.754427,0.646241,0.768218,0.801406,0.744156,0.789966,0.773354,0.755200,0.743272,0.905986,0.886178,0.913366,0.914509,0.905677,0.918495,0.882974,0.917280,0.912640,0.925803,0.901030,0.926097,0.928080,0.930150,0.935916,0.924766,0.937383,0.904763,0.936768,0.861252,0.931475,0.886355,0.938400,0.939836,0.945154,0.940404,0.905932,0.872147,0.857034,0.879777,0.893781,0.877475,0.935618,0.895673,0.900836,0.955634,0.711186
31-1.3,0.568475,0.675390,0.565314,0.873835,0.646345,0.533605,0.795182,0.603528,0.743483,0.872537,0.921526,0.878541,0.930939,0.949982,0.875659,0.908145,0.950282,0.765358,0.966459,0.943235,0.963810,0.992249,0.952682,0.958787,1.000000,0.946977,0.949782,0.935623,0.898308,0.943067,0.870328,0.931422,0.945031,0.893069,0.925196,0.856771,0.712346,0.624472,0.726207,0.775708,0.718823,0.748229,0.740975,0.727104,0.713427,0.917401,0.891604,0.929007,0.914389,0.909231,0.924197,0.887056,0.917509,0.890596,0.919022,0.901711,0.915180,0.929182,0.918590,0.904474,0.915256,0.915871,0.883279,0.907733,0.827337,0.903877,0.849371,0.907512,0.910537,0.912982,0.909689,0.861234,0.894192,0.866295,0.886511,0.899847,0.894910,0.883209,0.913718,0.890816,0.943985,0.684487
31-2.3,0.673190,0.779242,0.680563,0.813694,0.771823,0.672519,0.749269,0.750903,0.746700,0.801557,0.939583,0.808974,0.965012,0.945399,0.816332,0.947654,0.928809,0.842195,0.956694,0.981896,0.966794,0.960841,0.994204,0.970479,0.946977,1.000000,0.929266,0.942324,0.901858,0.949367,0.898981,0.936426,0.953953,0.914266,0.938474,0.893409,0.772951,0.671833,0.785754,0.812561,0.761577,0.804157,0.775132,0.768616,0.780136,0.927625,0.918289,0.936721,0.937007,0.936907,0.942215,0.912273,0.942955,0.928157,0.945404,0.927765,0.951681,0.946025,0.954054,0.949987,0.948936,0.958151,0.929431,0.938558,0.888013,0.933505,0.908644,0.944925,0.936041,0.949320,0.947950,0.901069,0.880043,0.840975,0.905489,0.876721,0.874086,0.926618,0.898616,0.914135,0.945690,0.737951
32-0.3,0.655768,0.685296,0.650026,0.843634,0.673784,0.631641,0.795151,0.647279,0.735384,0.810839,0.902252,0.815184,0.926555,0.896111,0.825775,0.925389,0.887905,0.827519,0.921749,0.932549,0.931443,0.952858,0.934570,0.933216,0.949782,0.929266,1.000000,0.918584,0.881865,0.930753,0.864004,0.930963,0.946085,0.904577,0.937763,0.859502,0.695819,0.593149,0.724546,0.746697,0.690213,0.752044,0.707552,0.701675,0.703994,0.872432,0.849808,0.884036,0.896286,0.882582,0.905821,0.864287,0.896256,0.900368,0.889364,0.874652,0.898505,0.907177,0.902643,0.907377,0.901162,0.910214,0.893776,0.909430,0.861136,0.917529,0.883369,0.916382,0.919818,0.930998,0.930596,0.924997,0.809234,0.782804,0.831830,0.823723,0.812862,0.914719,0.843363,0.846952,0.926779,0.708894
29-0.4,0.611460,0.791870,0.593761,0.845262,0.768145,0.565067,0.757077,0.725667,0.744415,0.855395,0.941416,0.859025,0.949921,0.948632,0.860255,0.916760,0.929623,0.817298,0.924899,0.954113,0.931896,0.952891,0.948855,0.936340,0.935623,0.942324,0.918584,1.000000,0.959990,0.994127,0.951093,0.979032,0.981231,0.966462,0.968220,0.931878,0.787338,0.712572,0.796949,0.829129,0.794867,0.805132,0.789614,0.798484,0.762100,0.935248,0.913861,0.934492,0.938315,0.935950,0.936338,0.918914,0.935416,0.893679,0.935190,0.943150,0.927406,0.948550,0.946194,0.893757,0.930176,0.940498,0.874943,0.929991,0.891164,0.922819,0.899612,0.935385,0.900943,0.923533,0.929011,0.863397,0.909462,0.863475,0.911909,0.877454,0.906965,0.900070,0.911181,0.920542,0.944693,0.766266
29-2.4,0.579043,0.768987,0.561189,0.815963,0.724436,0.529795,0.710973,0.681134,0.705567,0.835776,0.906304,0.838954,0.913861,0.898213,0.836371,0.875804,0.878381,0.783399,0.860152,0.927372,0.874306,0.921245,0.901293,0.888486,0.898308,0.901858,0.881865,0.959990,1.000000,0.964228,0.936280,0.980892,0.934296,0.922115,0.973131,0.924989,0.811641,0.758323,0.820557,0.842509,0.821229,0.825656,0.807879,0.830679,0.789339,0.889370,0.868465,0.891035,0.889453,0.897187,0.903947,0.887193,0.890864,0.872941,0.878804,0.896594,0.863181,0.894375,0.897344,0.835275,0.875329,0.898290,0.821356,0.852353,0.826007,0.853569,0.838791,0.863906,0.838669,0.862909,0.865932,0.814646,0.833296,0.777125,0.825190,0.797277,0.822023,0.839958,0.839564,0.830389,0.878333,0.789479
30-0.4,0.615432,0.760987,0.598534,0.860151,0.743731,0.574381,0.779248,0.705247,0.745051,0.857236,0.941671,0.861909,0.949985,0.947871,0.862245,0.914513,0.932778,0.818689,0.936827,0.958806,0.945180,0.962240,0.953373,0.952143,0.943067,0.949367,0.930753,0.994127,0.964228,1.000000,0.946634,0.984643,0.989604,0.957207,0.981694,0.923768,0.792208,0.714315,0.804296,0.837166,0.798811,0.813647,0.800821,0.806696,0.767987,0.930459,0.910503,0.929562,0.936839,0.935917,0.937496,0.913459,0.938439,0.903309,0.934151,0.940340,0.927744,0.946741,0.949882,0.905168,0.930182,0.947077,0.883308,0.931695,0.889309,0.927951,0.902333,0.938570,0.910256,0.933885,0.935758,0.881672,0.894901,0.859476,0.895427,0.876737,0.897227,0.912714,0.903197,0.909911,0.953051,0.769744
30-1.4,0.720708,0.769421,0.699790,0.841621,0.746899,0.650857,0.781036,0.711970,0.671676,0.777771,0.933963,0.774873,0.928251,0.899977,0.777403,0.885896,0.866433,0.845707,0.858165,0.914544,0.878253,0.898087,0.897281,0.891454,0.870328,0.898981,0.864004,0.951093,0.936280,0.946634,1.000000,0.924666,0.925691,0.975986,0.918576,0.954616,0.899659,0.826795,0.902763,0.913346,0.891931,0.901207,0.889399,0.890441,0.833746,0.885143,0.848688,0.887241,0.906270,0.875823,0.899374,0.895085,0.875967,0.861200,0.861085,0.867632,0.860185,0.873807,0.881804,0.836591,0.856775,0.889027,0.825351,0.877621,0.855819,0.867393,0.863434,0.893891,0.841035,0.873495,0.879144,0.817646,0.833294,0.782358,0.855055,0.792109,0.836821,0.872399,0.839033,0.881189,0.886208,0.780900
30-2.4,0.602137,0.790366,0.584468,0.831571,0.761112,0.564586,0.737331,0.719759,0.747837,0.855965,0.928516,0.860030,0.946381,0.930979,0.861697,0.920300,0.915319,0.819693,0.904622,0.953920,0.914599,0.949607,0.939987,0.926868,0.931422,0.936426,0.930963,0.979032,0.980892,0.984643,0.924666,1.000000,0.970462,0.938642,0.993802,0.913255,0.758058,0.683259,0.773081,0.801734,0.765738,0.787598,0.760010,0.776146,0.750050,0.922659,0.906073,0.922579,0.932013,0.934448,0.934632,0.918266,0.934195,0.915962,0.930845,0.940219,0.921144,0.944963,0.946126,0.899067,0.929465,0.944702,0.884678,0.912589,0.876965,0.915955,0.892832,0.922769,0.905569,0.922610,0.927077,0.881950,0.871631,0.825983,0.873584,0.852679,0.864028,0.904837,0.882023,0.881500,0.932220,0.788782
31-0.4,0.626438,0.731897,0.611150,0.855480,0.718126,0.596513,0.791702,0.684816,0.779771,0.844047,0.932533,0.851509,0.944223,0.942132,0.856182,0.915468,0.932247,0.817537,0.940666,0.954995,0.951097,0.959736,0.958609,0.956422,0.945031,0.953953,0.946085,0.981231,0.934296,0.989604,0.925691,0.970462,1.000000,0.945676,0.972010,0.903118,0.765799,0.674509,0.785413,0.815272,0.767343,0.799604,0.781254,0.775924,0.753172,0.936234,0.911858,0.934185,0.940247,0.932529,0.945823,0.909043,0.937079,0.908743,0.938629,0.938400,0.939884,0.950402,0.950777,0.923952,0.936537,0.950915,0.909959,0.937476,0.882657,0.940963,0.899322,0.947508,0.931884,0.945224,0.947637,0.903252,0.890491,0.871284,0.898169,0.891060,0.899500,0.922876,0.907412,0.917352,0.964267,0.725700
31-1.4,0.716934,0.795836,0.689992,0.859845,0.783235,0.651317,0.794034,0.746397,0.668704,0.802677,0.947127,0.795344,0.941840,0.917105,0.801675,0.907280,0.882730,0.878158,0.881958,0.932765,0.896574,0.918407,0.919440,0.902910,0.893069,0.914266,0.904577,0.966462,0.922115,0.957207,0.975986,0.938642,0.945676,1.000000,0.929811,0.933976,0.809413,0.719543,0.817868,0.838542,0.803233,0.821251,0.800387,0.800519,0.753151,0.904202,0.872018,0.904676,0.933089,0.907140,0.913519,0.917251,0.908844,0.882425,0.895229,0.899484,0.894606,0.908856,0.913746,0.868547,0.892552,0.915137,0.849328,0.917712,0.907292,0.906900,0.917292,0.931027,0.870236,0.911234,0.913861,0.848744,0.866990,0.804103,0.891300,0.810935,0.864969,0.903375,0.867710,0.914603,0.917138,0.772193
31-2.4,0.622313,0.767292,0.604993,0.831547,0.748251,0.588057,0.750653,0.713479,0.746719,0.828457,0.924498,0.834645,0.940161,0.918615,0.836902,0.914042,0.903658,0.835836,0.905362,0.949697,0.918043,0.945507,0.937394,0.933774,0.925196,0.938474,0.937763,0.968220,0.973131,0.981694,0.918576,0.993802,0.972010,0.929811,1.000000,0.909516,0.758979,0.672230,0.778887,0.798875,0.759849,0.796162,0.761321,0.775543,0.750838,0.906533,0.886198,0.906882,0.920697,0.921540,0.926029,0.906186,0.924546,0.920086,0.922384,0.929281,0.918016,0.933298,0.942494,0.908775,0.921737,0.947445,0.890007,0.905908,0.870024,0.913536,0.892135,0.918667,0.905003,0.927910,0.928733,0.896073,0.842832,0.804047,0.850085,0.834100,0.840789,0.909446,0.859372,0.865439,0.929746,0.787076
32-0.4,0.706270,0.789023,0.696550,0.752572,0.772150,0.657185,0.683003,0.741330,0.702987,0.713420,0.907440,0.720134,0.917965,0.880803,0.724485,0.893595,0.852981,0.847182,0.830985,0.890739,0.854106,0.879537,0.888355,0.868559,0.856771,0.893409,0.859502,0.931878,0.924989,0.923768,0.954616,0.913255,0.903118,0.933976,0.909516,1.000000,0.883592,0.808311,0.899101,0.883659,0.878634,0.913924,0.861436,0.883953,0.874499,0.838067,0.808360,0.859397,0.857380,0.835768,0.880928,0.846823,0.841878,0.828658,0.855615,0.853477,0.865335,0.859295,0.867965,0.849773,0.851195,0.880496,0.836662,0.835041,0.817125,0.833432,0.820792,0.856021,0.821180,0.842850,0.856544,0.802031,0.805030,0.739193,0.843994,0.760256,0.806070,0.828764,0.828335,0.851648,0.863475,0.741431
29-0.5,0.705602,0.622028,0.706438,0.674646,0.605199,0.656978,0.649814,0.585367,0.572931,0.604517,0.783900,0.612059,0.801195,0.745617,0.613871,0.762415,0.713564,0.705778,0.711521,0.769600,0.740628,0.747323,0.763145,0.754427,0.712346,0.772951,0.695819,0.787338,0.811641,0.792208,0.899659,0.758058,0.765799,0.809413,0.758979,0.883592,1.000000,0.969416,0.994621,0.983335,0.985878,0.984107,0.985269,0.982836,0.949081,0.733901,0.701298,0.744722,0.735684,0.711199,0.770931,0.723924,0.707849,0.702853,0.703769,0.692253,0.710153,0.704949,0.719114,0.700988,0.706238,0.728492,0.700710,0.710465,0.692621,0.699926,0.692189,0.727684,0.692215,0.720352,0.718451,0.660924,0.667095,0.636869,0.707319,0.649369,0.674825,0.713083,0.690288,0.729540,0.716744,0.617294
29-2.5,0.579939,0.542472,0.581610,0.601749,0.507595,0.525989,0.565492,0.483200,0.491991,0.580509,0.678084,0.584977,0.703921,0.664009,0.585149,0.660142,0.634801,0.564427,0.618529,0.683542,0.643606,0.662430,0.665030,0.646241,0.624472,0.671833,0.593149,0.712572,0.758323,0.714315,0.826795,0.683259,0.674509,0.719543,0.672230,0.808311,0.969416,1.000000,0.955498,0.962241,0.984060,0.932607,0.964502,0.975213,0.931232,0.646729,0.631045,0.654574,0.634558,0.631622,0.679779,0.624180,0.623725,0.581655,0.607588,0.605171,0.604662,0.615141,0.618009,0.576530,0.606190,0.612153,0.583347,0.617505,0.612702,0.606269,0.592602,0.631265,0.589105,0.613502,0.618166,0.549815,0.596585,0.568967,0.619791,0.572224,0.599712,0.600054,0.610343,0.630374,0.611387,0.558344
30-0.5,0.715112,0.623266,0.716061,0.675390,0.610083,0.673573,0.655614,0.593250,0.611661,0.605530,0.790864,0.614843,0.812943,0.753854,0.619840,0.778376,0.725308,0.721507,0.722427,0.777758,0.753601,0.760014,0.774790,0.768218,0.726207,0.785754,0.724546,0.796949,0.820557,0.804296,0.902763,0.773081,0.785413,0.817868,0.778887,0.899101,0.994621,0.955498,1.000000,0.979051,0.980145,0.994457,0.982051,0.981840,0.957830,0.740880,0.706557,0.751006,0.742327,0.718886,0.786225,0.726568,0.717358,0.719594,0.717277,0.706377,0.729066,0.720714,0.733957,0.728765,0.721299,0.746458,0.728586,0.721516,0.700501,0.717432,0.704000,0.742417,0.715555,0.738838,0.739398,0.693141,0.666066,0.640369,0.712083,0.659373,0.676360,0.731844,0.698556,0.734659,0.735499,0.618993
30-1.5,0.674325,0.620392,0.672079,0.747298,0.590737,0.624028,0.710868,0.562931,0.617915,0.703431,0.816477,0.707947,0.835784,0.806267,0.709634,0.789911,0.781152,0.692773,0.776362,0.812838,0.796518,0.807623,0.807698,0.801406,0.775708,0.812561,0.746697,0.829129,0.842509,0.837166,0.913346,0.801734,0.815272,0.838542,0.798875,0.883659,0.983335,0.962241,0.979051,1.000000,0.986686,0.967671,0.992537,0.983152,0.947230,0.792204,0.768243,0.799138,0.787298,0.775205,0.821089,0.768244,0.771432,0.742482,0.758000,0.745948,0.758713,0.765900,0.767639,0.745110,0.754899,0.765348,0.741684,0.771362,0.743556,0.759964,0.739092,0.784395,0.750959,0.776049,0.773511,0.707059,0.734900,0.708912,0.755576,0.721051,0.740382,0.756317,0.755402,0.773668,0.774662,0.629201
30-2.5,0.629020,0.618582,0.626492,0.686603,0.589125,0.574931,0.638999,0.562723,0.575952,0.654316,0.767911,0.658328,0.791131,0.759238,0.659859,0.743310,0.733602,0.656564,0.716012,0.764774,0.737606,0.753607,0.756024,0.744156,0.718823,0.761577,0.690213,0.794867,0.821229,0.798811,0.891931,0.765738,0.767343,0.803233,0.759849,0.878634,0.985878,0.984060,0.980145,0.986686,1.000000,0.966725,0.986655,0.995566,0.949223,0.731606,0.712001,0.739790,0.730055,0.716617,0.761721,0.713217,0.712698,0.674872,0.708645,0.707288,0.709875,0.714515,0.719902,0.685767,0.700281,0.718481,0.681092,0.710715,0.691216,0.700905,0.681400,0.728294,0.686940,0.713354,0.718126,0.652743,0.687473,0.654772,0.710320,0.665155,0.695061,0.695734,0.706322,0.725755,0.717050,0.628194
31-0.5,0.735623,0.635196,0.739694,0.676268,0.624698,0.698619,0.660438,0.610072,0.642531,0.600697,0.804663,0.612342,0.831976,0.768838,0.618662,0.805589,0.742131,0.748966,0.739580,0.788254,0.771848,0.776060,0.792467,0.789966,0.748229,0.804157,0.752044,0.805132,0.825656,0.813647,0.901207,0.787598,0.799604,0.821251,0.796162,0.913924,0.984107,0.932607,0.994457,0.967671,0.966725,1.000000,0.970283,0.971959,0.960071,0.747268,0.710832,0.762921,0.752316,0.723923,0.800131,0.735404,0.726421,0.743244,0.737400,0.720876,0.752425,0.739337,0.753490,0.763076,0.746207,0.769110,0.765034,0.735750,0.707518,0.735828,0.714545,0.757225,0.743339,0.756668,0.761044,0.722406,0.669733,0.642981,0.725226,0.672590,0.679567,0.756589,0.710352,0.744417,0.755364,0.620631
31-1.5,0.652912,0.567603,0.650955,0.715659,0.537467,0.598192,0.687093,0.513268,0.605859,0.662771,0.779845,0.670778,0.797964,0.769207,0.673018,0.748220,0.748686,0.653520,0.744776,0.767460,0.766934,0.770066,0.767126,0.773354,0.740975,0.775132,0.707552,0.789614,0.807879,0.800821,0.889399,0.760010,0.781254,0.800387,0.761321,0.861436,0.985269,0.964502,0.982051,0.992537,0.986655,0.970283,1.000000,0.985086,0.940202,0.746842,0.718143,0.753312,0.741838,0.717847,0.775290,0.716850,0.715632,0.695612,0.713150,0.700666,0.716275,0.718224,0.721746,0.705910,0.705011,0.724941,0.701937,0.719457,0.674568,0.708191,0.677175,0.734482,0.707670,0.731743,0.724078,0.668117,0.693102,0.685246,0.709958,0.696320,0.710785,0.711022,0.719303,0.737833,0.741462,0.594720
31-2.5,0.625735,0.607446,0.626527,0.690160,0.587350,0.580996,0.648499,0.566761,0.583039,0.648264,0.766296,0.653347,0.796159,0.758501,0.655050,0.749830,0.735666,0.665740,0.723137,0.765877,0.744468,0.762246,0.760245,0.755200,0.727104,0.768616,0.701675,0.798484,0.830679,0.806696,0.890441,0.776146,0.775924,0.800519,0.775543,0.883953,0.982836,0.975213,0.981840,0.983152,0.995566,0.971959,0.985086,1.000000,0.955284,0.728114,0.707962,0.733861,0.726588,0.717434,0.762439,0.708699,0.714780,0.682569,0.707969,0.711878,0.712687,0.714956,0.727145,0.697844,0.702055,0.730469,0.691011,0.706108,0.688184,0.699333,0.680601,0.727489,0.690956,0.716492,0.723494,0.666789,0.671910,0.644346,0.694057,0.661771,0.681082,0.702696,0.697112,0.711635,0.720527,0.642865
32-0.5,0.658445,0.608395,0.682097,0.596805,0.592440,0.665013,0.566280,0.580482,0.629179,0.581789,0.734246,0.595927,0.796874,0.734642,0.607028,0.778034,0.717505,0.666165,0.705673,0.764397,0.733509,0.743553,0.765942,0.743272,0.713427,0.780136,0.703994,0.762100,0.789339,0.767987,0.833746,0.750050,0.753172,0.753151,0.750838,0.874499,0.949081,0.931232,0.957830,0.947230,0.949223,0.960071,0.940202,0.955284,1.000000,0.729455,0.720675,0.746161,0.715389,0.724248,0.793184,0.705160,0.723408,0.706934,0.710105,0.695779,0.731886,0.710276,0.717111,0.735088,0.709019,0.726482,0.741185,0.697848,0.687658,0.705694,0.670394,0.723969,0.718549,0.715104,0.731694,0.697074,0.643322,0.608174,0.688435,0.640819,0.641343,0.704412,0.682550,0.692343,0.700245,0.581990
29-0.6,0.598721,0.765646,0.589324,0.829048,0.724651,0.584710,0.740753,0.669588,0.777371,0.866249,0.907030,0.869012,0.920725,0.930648,0.871270,0.885338,0.916046,0.747746,0.901503,0.929684,0.904158,0.928654,0.937526,0.905986,0.917401,0.927625,0.872432,0.935248,0.889370,0.930459,0.885143,0.922659,0.936234,0.904202,0.906533,0.838067,0.733901,0.646729,0.740880,0.792204,0.731606,0.747268,0.746842,0.728114,0.729455,1.000000,0.972526,0.991649,0.980871,0.976191,0.978093,0.973063,0.966635,0.938998,0.948940,0.949917,0.941590,0.957391,0.951934,0.909462,0.941091,0.939629,0.908722,0.929875,0.874481,0.927867,0.892492,0.940134,0.919718,0.933151,0.931683,0.868279,0.935704,0.879933,0.932328,0.904052,0.919057,0.896234,0.938556,0.928282,0.933897,0.708862
29-2.6,0.520421,0.783094,0.526626,0.759190,0.736725,0.536376,0.650963,0.686565,0.788151,0.881516,0.860512,0.889186,0.913690,0.909937,0.893696,0.876913,0.903928,0.694237,0.888998,0.927626,0.886488,0.906826,0.929343,0.886178,0.891604,0.918289,0.849808,0.913861,0.868465,0.910503,0.848688,0.906073,0.911858,0.872018,0.886198,0.808360,0.701298,0.631045,0.706557,0.768243,0.712001,0.710832,0.718143,0.707962,0.720675,0.972526,1.000000,0.966970,0.960093,0.982673,0.957243,0.937835,0.973561,0.915281,0.945238,0.949668,0.939003,0.957182,0.943723,0.898180,0.930880,0.921170,0.893835,0.915461,0.864989,0.908355,0.874662,0.918985,0.909086,0.916774,0.915443,0.855341,0.921379,0.882060,0.911336,0.897768,0.903917,0.876368,0.917223,0.897964,0.910493,0.716812
30-0.6,0.622460,0.771771,0.618801,0.825788,0.727253,0.607168,0.738346,0.672698,0.781532,0.852244,0.917070,0.857918,0.926396,0.934625,0.859905,0.895848,0.917805,0.765785,0.907324,0.934362,0.912772,0.937515,0.946702,0.913366,0.929007,0.936721,0.884036,0.934492,0.891035,0.929562,0.887241,0.922579,0.934185,0.904676,0.906882,0.859397,0.744722,0.654574,0.751006,0.799138,0.739790,0.762921,0.753312,0.733861,0.746161,0.991649,0.966970,1.000000,0.979715,0.971527,0.985007,0.973618,0.968508,0.947043,0.952974,0.942650,0.948888,0.957074,0.953201,0.921929,0.948843,0.944130,0.922485,0.929374,0.873661,0.929185,0.889447,0.939718,0.923049,0.934717,0.934397,0.870851,0.934896,0.870817,0.939878,0.895081,0.917299,0.895548,0.940628,0.931211,0.939377,0.703917
30-1.6,0.658268,0.803520,0.645310,0.851525,0.773043,0.635252,0.767280,0.723623,0.744492,0.851336,0.927102,0.848354,0.938220,0.931025,0.854624,0.903962,0.908281,0.815049,0.899906,0.941211,0.904411,0.930097,0.945686,0.914509,0.914389,0.937007,0.896286,0.938315,0.889453,0.936839,0.906270,0.932013,0.940247,0.933089,0.920697,0.857380,0.735684,0.634558,0.742327,0.787298,0.730055,0.752316,0.741838,0.726588,0.715389,0.980871,0.960093,0.979715,1.000000,0.973930,0.970528,0.986784,0.974240,0.956407,0.953935,0.957714,0.952559,0.960929,0.967010,0.926160,0.943643,0.963435,0.916912,0.944036,0.902518,0.941835,0.924645,0.958964,0.925681,0.953703,0.950968,0.903519,0.923395,0.855810,0.930769,0.879635,0.911808,0.927282,0.927159,0.938874,0.950352,0.762089
30-2.6,0.580324,0.792787,0.579265,0.809673,0.768275,0.586778,0.712545,0.723399,0.736807,0.869100,0.894299,0.869404,0.930004,0.923858,0.872806,0.895890,0.907880,0.768342,0.902733,0.949588,0.902431,0.932667,0.947395,0.905677,0.909231,0.936907,0.882582,0.935950,0.897187,0.935917,0.875823,0.934448,0.932529,0.907140,0.921540,0.835768,0.711199,0.631622,0.718886,0.775205,0.716617,0.723923,0.717847,0.717434,0.724248,0.976191,0.982673,0.971527,0.973930,1.000000,0.970313,0.965719,0.995157,0.940651,0.952929,0.957209,0.948204,0.963968,0.964191,0.919677,0.947397,0.947795,0.906745,0.941535,0.920727,0.940729,0.929573,0.951474,0.921483,0.946260,0.948658,0.883797,0.913067,0.849423,0.913958,0.871439,0.888339,0.913412,0.911357,0.904413,0.922842,0.756959
31-0.6,0.662382,0.754523,0.664169,0.806748,0.723982,0.663563,0.737893,0.680307,0.791456,0.820623,0.912626,0.828096,0.938286,0.917964,0.835820,0.916596,0.903258,0.800731,0.897686,0.944167,0.910260,0.936874,0.945276,0.918495,0.924197,0.942215,0.905821,0.936338,0.903947,0.937496,0.899374,0.934632,0.945823,0.913519,0.926029,0.880928,0.770931,0.679779,0.786225,0.821089,0.761721,0.800131,0.775290,0.762439,0.793184,0.978093,0.957243,0.985007,0.970528,0.970313,1.000000,0.961671,0.971474,0.956995,0.936859,0.927379,0.944761,0.946880,0.944399,0.937821,0.937598,0.944282,0.933299,0.925807,0.885731,0.935279,0.897885,0.944525,0.932940,0.937381,0.945850,0.902001,0.892682,0.837295,0.911801,0.868549,0.878192,0.918005,0.912629,0.909623,0.938185,0.704932
31-1.6,0.668514,0.812421,0.652928,0.839488,0.776363,0.640916,0.750242,0.722302,0.700492,0.818050,0.918111,0.811245,0.914913,0.909236,0.814421,0.880431,0.878933,0.817378,0.862208,0.921351,0.869122,0.906261,0.919826,0.882974,0.887056,0.912273,0.864287,0.918914,0.887193,0.913459,0.895085,0.918266,0.909043,0.917251,0.906186,0.846823,0.723924,0.624180,0.726568,0.768244,0.713217,0.735404,0.716850,0.708699,0.705160,0.973063,0.937835,0.973618,0.986784,0.965719,0.961671,1.000000,0.962529,0.956636,0.929764,0.937312,0.925344,0.934155,0.946525,0.898315,0.922923,0.945984,0.895067,0.919215,0.898315,0.922400,0.915711,0.938921,0.896369,0.929123,0.930867,0.880494,0.900534,0.800806,0.908957,0.828826,0.874133,0.903477,0.898420,0.909548,0.912660,0.770391
31-2.6,0.598786,0.777103,0.600821,0.816897,0.759382,0.606531,0.727699,0.718126,0.732607,0.857058,0.898971,0.857664,0.933119,0.925543,0.862223,0.901737,0.910446,0.786528,0.911570,0.950128,0.912127,0.938849,0.951886,0.917280,0.917509,0.942955,0.896256,0.935416,0.890864,0.938439,0.875967,0.934195,0.937079,0.908844,0.924546,0.841878,0.707849,0.623725,0.717358,0.771432,0.712698,0.726421,0.715632,0.714780,0.723408,0.966635,0.973561,0.968508,0.974240,0.995157,0.971474,0.962529,1.000000,0.945864,0.951173,0.949731,0.952265,0.960223,0.965625,0.933088,0.946972,0.953556,0.915108,0.945455,0.924368,0.948719,0.933827,0.959870,0.927960,0.954379,0.960135,0.904076,0.904701,0.842082,0.911262,0.867641,0.884698,0.927910,0.909460,0.904998,0.934756,0.762502
32-0.6,0.725592,0.773566,0.725150,0.804166,0.752554,0.724466,0.752736,0.719266,0.750650,0.761773,0.909427,0.764343,0.917663,0.884751,0.773777,0.905528,0.860774,0.841419,0.874348,0.918681,0.892443,0.905329,0.924164,0.912640,0.890596,0.928157,0.900368,0.893679,0.872941,0.903309,0.861200,0.915962,0.908743,0.882425,0.920086,0.828658,0.702853,0.581655,0.719594,0.742482,0.674872,0.743244,0.695612,0.682569,0.706934,0.938998,0.915281,0.947043,0.956407,0.940651,0.956995,0.956636,0.945864,1.000000,0.916359,0.910756,0.922544,0.924375,0.943087,0.942104,0.932671,0.953563,0.935691,0.909918,0.882668,0.919168,0.912045,0.929264,0.922584,0.939821,0.939203,0.933280,0.829349,0.752575,0.858215,0.802112,0.807715,0.935067,0.847461,0.865146,0.917865,0.750345
29-0.7,0.583749,0.828648,0.571715,0.786522,0.805308,0.565510,0.688614,0.759875,0.776872,0.847047,0.915851,0.853377,0.941692,0.953691,0.854637,0.916629,0.941584,0.785393,0.927277,0.936175,0.925384,0.930870,0.958735,0.925803,0.919022,0.945404,0.889364,0.935190,0.878804,0.934151,0.861085,0.930845,0.938629,0.895229,0.922384,0.855615,0.703769,0.607588,0.717277,0.758000,0.708645,0.737400,0.713150,0.707969,0.710105,0.948940,0.945238,0.952974,0.953935,0.952929,0.936859,0.929764,0.951173,0.916359,1.000000,0.979629,0.991786,0.989925,0.984711,0.955501,0.983542,0.968005,0.943044,0.956011,0.895748,0.953243,0.917373,0.953153,0.950898,0.959998,0.951092,0.881093,0.942679,0.894889,0.961060,0.917278,0.929691,0.917224,0.943159,0.953579,0.947799,0.689188
29-2.7,0.543581,0.848297,0.526467,0.795961,0.819045,0.527341,0.683334,0.769332,0.770824,0.861486,0.903014,0.862635,0.925112,0.937899,0.864218,0.889006,0.923667,0.766731,0.899268,0.925553,0.897080,0.918728,0.938990,0.901030,0.901711,0.927765,0.874652,0.943150,0.896594,0.940340,0.867632,0.940219,0.938400,0.899484,0.929281,0.853477,0.692253,0.605171,0.706377,0.745948,0.707288,0.720876,0.700666,0.711878,0.695779,0.949917,0.949668,0.942650,0.957714,0.957209,0.927379,0.937312,0.949731,0.910756,0.979629,1.000000,0.969878,0.982320,0.985072,0.923573,0.960896,0.970785,0.912577,0.933007,0.890696,0.929616,0.908743,0.938630,0.919739,0.939178,0.937600,0.880530,0.934898,0.871329,0.935863,0.891595,0.921008,0.894631,0.928826,0.930497,0.934308,0.752184
30-0.7,0.617782,0.822223,0.615032,0.770930,0.813966,0.618006,0.690719,0.777837,0.787353,0.806689,0.908882,0.815961,0.944290,0.938792,0.820887,0.927828,0.929016,0.812420,0.922227,0.935875,0.922769,0.927711,0.961058,0.926097,0.915180,0.951681,0.898505,0.927406,0.863181,0.927744,0.860185,0.921144,0.939884,0.894606,0.918016,0.865335,0.710153,0.604662,0.729066,0.758713,0.709875,0.752425,0.716275,0.712687,0.731886,0.941590,0.939003,0.948888,0.952559,0.948204,0.944761,0.925344,0.952265,0.922544,0.991786,0.969878,1.000000,0.979122,0.982159,0.974325,0.975448,0.975818,0.958214,0.949733,0.894401,0.952842,0.913423,0.956291,0.953963,0.960210,0.958502,0.901669,0.915789,0.872934,0.948110,0.899934,0.908009,0.924309,0.924673,0.945147,0.947418,0.684253
30-1.7,0.578620,0.825517,0.566892,0.802744,0.796703,0.561018,0.704671,0.749925,0.799362,0.878541,0.917692,0.883833,0.949199,0.956636,0.888940,0.921305,0.944139,0.774831,0.927139,0.942829,0.926197,0.939847,0.958601,0.928080,0.929182,0.946025,0.907177,0.948550,0.894375,0.946741,0.873807,0.944963,0.950402,0.908856,0.933298,0.859295,0.704949,0.615141,0.720714,0.765900,0.714515,0.739337,0.718224,0.714956,0.710276,0.957391,0.957182,0.957074,0.960929,0.963968,0.946880,0.934155,0.960223,0.924375,0.989925,0.982320,0.979122,1.000000,0.982541,0.948509,0.982744,0.963525,0.940741,0.963868,0.903166,0.958755,0.924750,0.958501,0.957549,0.963073,0.958400,0.892708,0.943468,0.896114,0.953903,0.923663,0.930111,0.923219,0.948228,0.944613,0.957177,0.717409
30-2.7,0.625637,0.830268,0.617026,0.820573,0.822862,0.617060,0.738925,0.784926,0.756792,0.831868,0.923055,0.833780,0.945603,0.940394,0.836147,0.919654,0.920837,0.823966,0.921427,0.942318,0.923157,0.937868,0.964141,0.930150,0.918590,0.954054,0.902643,0.946194,0.897344,0.949882,0.881804,0.946126,0.950777,0.913746,0.942494,0.867965,0.719114,0.618009,0.733957,0.767639,0.719902,0.753490,0.721746,0.727145,0.717111,0.951934,0.943723,0.953201,0.967010,0.964191,0.944399,0.946525,0.965625,0.943087,0.984711,0.985072,0.982159,0.982541,1.000000,0.960821,0.983230,0.990348,0.945948,0.951940,0.918048,0.950473,0.940884,0.960643,0.938746,0.965867,0.963354,0.906729,0.914282,0.851755,0.937460,0.882435,0.899192,0.935285,0.920057,0.933319,0.952901,0.752714
31-0.7,0.691892,0.763436,0.700354,0.756957,0.772746,0.709165,0.712450,0.751683,0.790621,0.746013,0.901564,0.755781,0.935892,0.912688,0.768389,0.929894,0.901256,0.839759,0.915124,0.918701,0.923962,0.914912,0.950949,0.935916,0.904474,0.949987,0.907377,0.893757,0.835275,0.905168,0.836591,0.899067,0.923952,0.868547,0.908775,0.849773,0.700988,0.576530,0.728765,0.745110,0.685767,0.763076,0.705910,0.697844,0.735088,0.909462,0.898180,0.921929,0.926160,0.919677,0.937821,0.898315,0.933088,0.942104,0.955501,0.923573,0.974325,0.948509,0.960821,1.000000,0.959791,0.966100,0.975801,0.936997,0.883267,0.946131,0.911448,0.945975,0.960010,0.958021,0.959449,0.930912,0.849029,0.805561,0.898750,0.857496,0.840183,0.946589,0.879755,0.899226,0.939197,0.660665
31-1.7,0.640048,0.821363,0.633710,0.781795,0.811428,0.629684,0.710984,0.773780,0.770702,0.817490,0.917851,0.823481,0.944894,0.938684,0.825807,0.934656,0.917489,0.812637,0.917739,0.934356,0.923210,0.928160,0.963201,0.924766,0.915256,0.948936,0.901162,0.930176,0.875329,0.930182,0.856775,0.929465,0.936537,0.892552,0.921737,0.851195,0.706238,0.606190,0.721299,0.754899,0.700281,0.746207,0.705011,0.702055,0.709019,0.941091,0.930880,0.948843,0.943643,0.947397,0.937598,0.922923,0.946972,0.932671,0.983542,0.960896,0.975448,0.982744,0.983230,0.959791,1.000000,0.965356,0.961444,0.959092,0.912332,0.956691,0.934466,0.954013,0.955966,0.961034,0.956679,0.885326,0.911687,0.858596,0.950713,0.892524,0.889668,0.935666,0.918956,0.935874,0.941209,0.685743
31-2.7,0.663848,0.825411,0.659472,0.820935,0.826446,0.662347,0.750890,0.797927,0.746841,0.786831,0.927999,0.789915,0.944061,0.926520,0.795199,0.922321,0.906272,0.857732,0.914585,0.939303,0.921185,0.934819,0.961593,0.937383,0.915871,0.958151,0.910214,0.940498,0.898290,0.947077,0.889027,0.944702,0.950915,0.915137,0.947445,0.880496,0.728492,0.612153,0.746458,0.765348,0.718481,0.769110,0.724941,0.730469,0.726482,0.939629,0.921170,0.944130,0.963435,0.947795,0.944282,0.945984,0.953556,0.953563,0.968005,0.970785,0.975818,0.963525,0.990348,0.966100,0.965356,1.000000,0.947084,0.936213,0.903231,0.939672,0.928486,0.955341,0.933171,0.958519,0.961304,0.923257,0.884401,0.820669,0.913762,0.857964,0.874428,0.936771,0.898764,0.920255,0.953357,0.768967
32-0.7,0.701761,0.754384,0.709614,0.733389,0.752562,0.719502,0.703861,0.726066,0.812378,0.735144,0.880206,0.745624,0.923228,0.894189,0.759777,0.924598,0.876417,0.810684,0.877651,0.894375,0.894272,0.891948,0.932603,0.904763,0.883279,0.929431,0.893776,0.874943,0.821356,0.883308,0.825351,0.884678,0.909959,0.849328,0.890007,0.836662,0.700710,0.583347,0.728586,0.741684,0.681092,0.765034,0.701937,0.691011,0.741185,0.908722,0.893835,0.922485,0.916912,0.906745,0.933299,0.895067,0.915108,0.935691,0.943044,0.912577,0.958214,0.940741,0.945948,0.975801,0.961444,0.947084,1.000000,0.922343,0.864907,0.937156,0.887387,0.928358,0.963925,0.938267,0.943272,0.912785,0.835600,0.794378,0.894745,0.847384,0.822628,0.930087,0.866789,0.886752,0.917319,0.640862
29-0.8,0.647784,0.783825,0.636074,0.820163,0.774944,0.624381,0.747492,0.740099,0.715608,0.842839,0.934722,0.841113,0.945026,0.952355,0.846523,0.921034,0.933641,0.803453,0.939452,0.936224,0.942947,0.923073,0.950448,0.936768,0.907733,0.938558,0.909430,0.929991,0.852353,0.931695,0.877621,0.912589,0.937476,0.917712,0.905908,0.835041,0.710465,0.617505,0.721516,0.771362,0.710715,0.735750,0.719457,0.706108,0.697848,0.929875,0.915461,0.929374,0.944036,0.941535,0.925807,0.919215,0.945455,0.909918,0.956011,0.933007,0.949733,0.963868,0.951940,0.936997,0.959092,0.936213,0.922343,1.000000,0.951775,0.992163,0.961895,0.987277,0.972253,0.980608,0.977291,0.912946,0.914734,0.873800,0.937538,0.898318,0.900988,0.961745,0.916263,0.942199,0.945019,0.713704
29-2.8,0.691425,0.789288,0.676547,0.799929,0.805781,0.676788,0.743307,0.781904,0.563718,0.751601,0.889433,0.734926,0.892905,0.876044,0.738602,0.877358,0.838712,0.842859,0.852151,0.900110,0.861154,0.864542,0.898274,0.861252,0.827337,0.888013,0.861136,0.891164,0.826007,0.889309,0.855819,0.876965,0.882657,0.907292,0.870024,0.817125,0.692621,0.612702,0.700501,0.743556,0.691216,0.707518,0.674568,0.688184,0.687658,0.874481,0.864989,0.873661,0.902518,0.920727,0.885731,0.898315,0.924368,0.882668,0.895748,0.890696,0.894401,0.903166,0.918048,0.883267,0.912332,0.903231,0.864907,0.951775,1.000000,0.948441,0.986781,0.959447,0.893960,0.935031,0.948440,0.878212,0.831827,0.737114,0.879488,0.756382,0.795094,0.935563,0.824514,0.875637,0.866259,0.735439
30-0.8,0.650021,0.764137,0.638820,0.810599,0.757279,0.634093,0.742890,0.724644,0.724331,0.823665,0.922701,0.822112,0.934671,0.941971,0.829834,0.916163,0.925680,0.810782,0.926352,0.930136,0.933792,0.919021,0.943953,0.931475,0.903877,0.933505,0.917529,0.922819,0.853569,0.927951,0.867393,0.915955,0.940963,0.906900,0.913536,0.833432,0.699926,0.606269,0.717432,0.759964,0.700905,0.735828,0.708191,0.699333,0.705694,0.927867,0.908355,0.929185,0.941835,0.940729,0.935279,0.922400,0.948719,0.919168,0.953243,0.929616,0.952842,0.958755,0.950473,0.946131,0.956691,0.939672,0.937156,0.992163,0.948441,1.000000,0.957751,0.988717,0.980300,0.982169,0.985223,0.936642,0.894930,0.850185,0.923267,0.881015,0.880835,0.967418,0.903696,0.928600,0.941777,0.706927
30-1.8,0.707080,0.795070,0.689092,0.817668,0.810108,0.687485,0.761353,0.783480,0.601987,0.770969,0.907818,0.757167,0.910218,0.888822,0.763172,0.889895,0.852041,0.859319,0.873228,0.914142,0.881582,0.883320,0.917145,0.886355,0.849371,0.908644,0.883369,0.899612,0.838791,0.902333,0.863434,0.892832,0.899322,0.917292,0.892135,0.820792,0.692189,0.592602,0.704000,0.739092,0.681400,0.714545,0.677175,0.680601,0.670394,0.892492,0.874662,0.889447,0.924645,0.929573,0.897885,0.915711,0.933827,0.912045,0.917373,0.908743,0.913423,0.924750,0.940884,0.911448,0.934466,0.928486,0.887387,0.961895,0.986781,0.957751,1.000000,0.965571,0.909340,0.962779,0.958242,0.900714,0.847085,0.758344,0.892270,0.785432,0.815747,0.953491,0.848642,0.892380,0.898034,0.742682
30-2.8,0.677052,0.782305,0.665297,0.840361,0.780775,0.660474,0.776590,0.751205,0.702679,0.816958,0.933989,0.812746,0.944317,0.944382,0.819481,0.922238,0.924865,0.837518,0.929266,0.938096,0.936563,0.927309,0.952834,0.938400,0.907512,0.944925,0.916382,0.935385,0.863906,0.938570,0.893891,0.922769,0.947508,0.931027,0.918667,0.856021,0.727684,0.631265,0.742417,0.784395,0.728294,0.757225,0.734482,0.727489,0.723969,0.940134,0.918985,0.939718,0.958964,0.951474,0.944525,0.938921,0.959870,0.929264,0.953153,0.938630,0.956291,0.958501,0.960643,0.945975,0.954013,0.955341,0.928358,0.987277,0.959447,0.988717,0.965571,1.000000,0.963280,0.981958,0.993330,0.934594,0.900514,0.849173,0.931338,0.879146,0.888872,0.972513,0.911411,0.941396,0.952702,0.749084
31-0.8,0.639355,0.745047,0.638730,0.766144,0.729680,0.638582,0.704035,0.699783,0.794671,0.814794,0.907962,0.821188,0.939858,0.938999,0.833583,0.929425,0.932154,0.779923,0.928245,0.919965,0.937787,0.915392,0.942805,0.939836,0.910537,0.936041,0.919818,0.900943,0.838669,0.910256,0.841035,0.905569,0.931884,0.870236,0.905003,0.821180,0.692215,0.589105,0.715555,0.750959,0.686940,0.743339,0.707670,0.690956,0.718549,0.919718,0.909086,0.923049,0.925681,0.921483,0.932940,0.896369,0.927960,0.922584,0.950898,0.919739,0.953963,0.957549,0.938746,0.960010,0.955966,0.933171,0.963925,0.972253,0.893960,0.980300,0.909340,0.963280,1.000000,0.965937,0.968021,0.937633,0.879798,0.860934,0.907462,0.903926,0.871417,0.957846,0.900206,0.912403,0.940860,0.664312
31-1.8,0.663730,0.765485,0.654229,0.831883,0.757022,0.647706,0.766586,0.725063,0.733888,0.833847,0.926979,0.835726,0.943308,0.937657,0.844018,0.917807,0.921769,0.818474,0.938369,0.936400,0.944340,0.931714,0.955312,0.945154,0.912982,0.949320,0.930998,0.923533,0.862909,0.933885,0.873495,0.922610,0.945224,0.911234,0.927910,0.842850,0.720352,0.613502,0.738838,0.776049,0.713354,0.756668,0.731743,0.716492,0.715104,0.933151,0.916774,0.934717,0.953703,0.946260,0.937381,0.929123,0.954379,0.939821,0.959998,0.939178,0.960210,0.963073,0.965867,0.958021,0.961034,0.958519,0.938267,0.980608,0.935031,0.982169,0.962779,0.981958,0.965937,1.000000,0.984644,0.946979,0.891486,0.851278,0.914069,0.884108,0.882181,0.965131,0.907919,0.923348,0.955853,0.731368
31-2.8,0.667648,0.773273,0.663226,0.823465,0.772785,0.664191,0.763696,0.746775,0.727495,0.807951,0.921140,0.807301,0.942979,0.934121,0.816207,0.925943,0.917583,0.836888,0.925878,0.935418,0.933734,0.927952,0.953165,0.940404,0.909689,0.947950,0.930596,0.929011,0.865932,0.935758,0.879144,0.927077,0.947637,0.913861,0.928733,0.856544,0.718451,0.618166,0.739398,0.773511,0.718126,0.761044,0.724078,0.723494,0.731694,0.931683,0.915443,0.934397,0.950968,0.948658,0.945850,0.930867,0.960135,0.939203,0.951092,0.937600,0.958502,0.958400,0.963354,0.959449,0.956679,0.961304,0.943272,0.977291,0.948440,0.985223,0.958242,0.993330,0.968021,0.984644,1.000000,0.954314,0.875831,0.826834,0.910948,0.868853,0.863666,0.974287,0.897459,0.915454,0.950127,0.754301
32-0.8,0.672811,0.702377,0.675370,0.770812,0.697850,0.687435,0.724437,0.680013,0.732464,0.740535,0.865457,0.740217,0.889445,0.862718,0.760475,0.880623,0.854130,0.803636,0.874366,0.881815,0.889312,0.873436,0.895061,0.905932,0.861234,0.901069,0.924997,0.863397,0.814646,0.881672,0.817646,0.881950,0.903252,0.848744,0.896073,0.802031,0.660924,0.549815,0.693141,0.707059,0.652743,0.722406,0.668117,0.666789,0.697074,0.868279,0.855341,0.870851,0.903519,0.883797,0.902001,0.880494,0.904076,0.933280,0.881093,0.880530,0.901669,0.892708,0.906729,0.930912,0.885326,0.923257,0.912785,0.912946,0.878212,0.936642,0.900714,0.934594,0.937633,0.946979,0.954314,1.000000,0.779458,0.728965,0.807235,0.787926,0.775348,0.945657,0.816870,0.826191,0.912468,0.739391
29-0.9,0.474997,0.769699,0.449343,0.790028,0.706317,0.419435,0.654998,0.633898,0.727591,0.895120,0.889192,0.894252,0.880142,0.946280,0.890555,0.827343,0.936613,0.660020,0.898542,0.879889,0.887020,0.894548,0.901007,0.872147,0.894192,0.880043,0.809234,0.909462,0.833296,0.894901,0.833294,0.871631,0.890491,0.866990,0.842832,0.805030,0.667095,0.596585,0.666066,0.734900,0.687473,0.669733,0.693102,0.671910,0.643322,0.935704,0.921379,0.934896,0.923395,0.913067,0.892682,0.900534,0.904701,0.829349,0.942679,0.934898,0.915789,0.943468,0.914282,0.849029,0.911687,0.884401,0.835600,0.914734,0.831827,0.894930,0.847085,0.900514,0.879798,0.891486,0.875831,0.779458,1.000000,0.942811,0.971865,0.942528,0.988011,0.828596,0.984596,0.960733,0.923975,0.640475
29-2.9,0.369052,0.662477,0.354452,0.721529,0.607152,0.328297,0.607325,0.549880,0.769631,0.877119,0.823234,0.896752,0.845222,0.900463,0.890521,0.797569,0.917565,0.564985,0.892929,0.838212,0.881802,0.856035,0.859725,0.857034,0.866295,0.840975,0.782804,0.863475,0.777125,0.859476,0.782358,0.825983,0.871284,0.804103,0.804047,0.739193,0.636869,0.568967,0.640369,0.708912,0.654772,0.642981,0.685246,0.644346,0.608174,0.879933,0.882060,0.870817,0.855810,0.849423,0.837295,0.800806,0.842082,0.752575,0.894889,0.871329,0.872934,0.896114,0.851755,0.805561,0.858596,0.820669,0.794378,0.873800,0.737114,0.850185,0.758344,0.849173,0.860934,0.851278,0.826834,0.728965,0.942811,1.000000,0.907317,0.982297,0.964344,0.794527,0.938053,0.917292,0.893036,0.577010
30-0.9,0.598933,0.818051,0.579199,0.764958,0.784921,0.556493,0.669768,0.725805,0.728035,0.817222,0.907786,0.817779,0.910804,0.937223,0.817372,0.883757,0.915234,0.758574,0.889473,0.897547,0.887962,0.891582,0.925664,0.879777,0.886511,0.905489,0.831830,0.911909,0.825190,0.895427,0.855055,0.873584,0.898169,0.891300,0.850085,0.843994,0.707319,0.619791,0.712083,0.755576,0.710320,0.725226,0.709958,0.694057,0.688435,0.932328,0.911336,0.939878,0.930769,0.913958,0.911801,0.908957,0.911262,0.858215,0.961060,0.935863,0.948110,0.953903,0.937460,0.898750,0.950713,0.913762,0.894745,0.937538,0.879488,0.923267,0.892270,0.931338,0.907462,0.914069,0.910948,0.807235,0.971865,0.907317,1.000000,0.917896,0.954613,0.880056,0.967574,0.983307,0.930282,0.630103
30-1.9,0.417699,0.679956,0.412093,0.741303,0.629915,0.392361,0.638086,0.577017,0.806278,0.884878,0.846918,0.901937,0.880107,0.925905,0.902057,0.841185,0.941997,0.601797,0.919635,0.861454,0.908511,0.887532,0.892500,0.893781,0.899847,0.876721,0.823723,0.877454,0.797277,0.876737,0.792109,0.852679,0.891060,0.810935,0.834100,0.760256,0.649369,0.572224,0.659373,0.721051,0.665155,0.672590,0.696320,0.661771,0.640819,0.904052,0.897768,0.895081,0.879635,0.871439,0.868549,0.828826,0.867641,0.802112,0.917278,0.891595,0.899934,0.923663,0.882435,0.857496,0.892524,0.857964,0.847384,0.898318,0.756382,0.881015,0.785432,0.879146,0.903926,0.884108,0.868853,0.787926,0.942528,0.982297,0.917896,1.000000,0.956277,0.840772,0.959058,0.917920,0.926884,0.608086
30-2.9,0.463852,0.731214,0.436157,0.787865,0.674899,0.402853,0.662870,0.605595,0.751327,0.886646,0.881047,0.892405,0.872809,0.939109,0.888838,0.817536,0.936653,0.651016,0.904101,0.870745,0.893839,0.891268,0.892365,0.877475,0.894910,0.874086,0.812862,0.906965,0.822023,0.897227,0.836821,0.864028,0.899500,0.864969,0.840789,0.806070,0.674825,0.599712,0.676360,0.740382,0.695061,0.679567,0.710785,0.681082,0.641343,0.919057,0.903917,0.917299,0.911808,0.888339,0.878192,0.874133,0.884698,0.807715,0.929691,0.921008,0.908009,0.930111,0.899192,0.840183,0.889668,0.874428,0.822628,0.900988,0.795094,0.880835,0.815747,0.888872,0.871417,0.882181,0.863666,0.775348,0.988011,0.964344,0.954613,0.956277,1.000000,0.816099,0.978223,0.963044,0.931822,0.634395
31-0.9,0.721647,0.744963,0.717027,0.805924,0.756899,0.714323,0.768972,0.740297,0.683307,0.758796,0.913744,0.754875,0.938263,0.905378,0.764785,0.931239,0.886193,0.862136,0.905967,0.919130,0.920910,0.900971,0.929732,0.935618,0.883209,0.926618,0.914719,0.900070,0.839958,0.912714,0.872399,0.904837,0.922876,0.903375,0.909446,0.828764,0.713083,0.600054,0.731844,0.756317,0.695734,0.756589,0.711022,0.702696,0.704412,0.896234,0.876368,0.895548,0.927282,0.913412,0.918005,0.903477,0.927910,0.935067,0.917224,0.894631,0.924309,0.923219,0.935285,0.946589,0.935666,0.936771,0.930087,0.961745,0.935563,0.967418,0.953491,0.972513,0.957846,0.965131,0.974287,0.945657,0.828596,0.794527,0.880056,0.840772,0.816099,1.000000,0.855363,0.893857,0.931559,0.738204
31-1.9,0.506355,0.745185,0.489276,0.798926,0.687103,0.465634,0.681103,0.621943,0.764387,0.887132,0.894064,0.889280,0.898084,0.949619,0.890847,0.851695,0.945263,0.678816,0.911543,0.886707,0.903276,0.910635,0.915704,0.895673,0.913718,0.898616,0.843363,0.911181,0.839564,0.903197,0.839033,0.882023,0.907412,0.867710,0.859372,0.828335,0.690288,0.610343,0.698556,0.755402,0.706322,0.710352,0.719303,0.697112,0.682550,0.938556,0.917223,0.940628,0.927159,0.911357,0.912629,0.898420,0.909460,0.847461,0.943159,0.928826,0.924673,0.948228,0.920057,0.879755,0.918956,0.898764,0.866789,0.916263,0.824514,0.903696,0.848642,0.911411,0.900206,0.907919,0.897459,0.816870,0.984596,0.938053,0.967574,0.959058,0.978223,0.855363,1.000000,0.953726,0.953618,0.649266
31-2.9,0.640313,0.796402,0.612967,0.790675,0.775246,0.585585,0.707803,0.724300,0.718894,0.801154,0.925039,0.802265,0.917285,0.941312,0.803804,0.888292,0.919581,0.794268,0.904269,0.905263,0.908191,0.896934,0.928669,0.900836,0.890816,0.914135,0.846952,0.920542,0.830389,0.909911,0.881189,0.881500,0.917352,0.914603,0.865439,0.851648,0.729540,0.630374,0.734659,0.773668,0.725755,0.744417,0.737833,0.711635,0.692343,0.928282,0.897964,0.931211,0.938874,0.904413,0.909623,0.909548,0.904998,0.865146,0.953579,0.930497,0.945147,0.944613,0.933319,0.899226,0.935874,0.920255,0.886752,0.942199,0.875637,0.928600,0.892380,0.941396,0.912403,0.923348,0.915454,0.826191,0.960733,0.917292,0.983307,0.917920,0.963044,0.893857,0.953726,1.000000,0.942358,0.649381
32-0.9,0.622032,0.736221,0.609535,0.852018,0.713742,0.591067,0.783023,0.672918,0.782426,0.847235,0.930362,0.852252,0.937175,0.948310,0.861269,0.905289,0.938660,0.793532,0.948059,0.929208,0.951117,0.948312,0.952292,0.955634,0.943985,0.945690,0.926779,0.944693,0.878333,0.953051,0.886208,0.932220,0.964267,0.917138,0.929746,0.863475,0.716744,0.611387,0.735499,0.774662,0.717050,0.755364,0.741462,0.720527,0.700245,0.933897,0.910493,0.939377,0.950352,0.922842,0.938185,0.912660,0.934756,0.917865,0.947799,0.934308,0.947418,0.957177,0.952901,0.939197,0.941209,0.953357,0.917319,0.945019,0.866259,0.941777,0.898034,0.952702,0.940860,0.955853,0.950127,0.912468,0.923975,0.893036,0.930282,0.926884,0.931822,0.931559,0.953618,0.942358,1.000000,0.715741
BG,0.484437,0.744080,0.486283,0.689192,0.727642,0.471916,0.579094,0.715893,0.476402,0.655060,0.730443,0.648729,0.745139,0.708883,0.651582,0.702333,0.683899,0.674856,0.681296,0.751881,0.695357,0.716214,0.726927,0.711186,0.684487,0.737951,0.708894,0.766266,0.789479,0.769744,0.780900,0.788782,0.725700,0.772193,0.787076,0.741431,0.617294,0.558344,0.618993,0.629201,0.628194,0.620631,0.594720,0.642865,0.581990,0.708862,0.716812,0.703917,0.762089,0.756959,0.704932,0.770391,0.762502,0.750345,0.689188,0.752184,0.684253,0.717409,0.752714,0.660665,0.685743,0.768967,0.640862,0.713704,0.735439,0.706927,0.742682,0.749084,0.664312,0.731368,0.754301,0.739391,0.640475,0.577010,0.630103,0.608086,0.634395,0.738204,0.649266,0.649381,0.715741,1.000000
